{
  "timestamp_utc": "2026-02-28T20:17:47.177238+00:00",
  "environment": {
    "platform": "macOS-14.4.1-arm64-arm-64bit",
    "machine": "arm64",
    "cpu_count": 8,
    "python": "3.11.14",
    "torch": "2.8.0"
  },
  "config": {
    "repeats": 3,
    "warmup_runs": 1,
    "steps": 200,
    "batch_size": 64,
    "num_workers": 0,
    "dataset": "synthetic",
    "data_root": "./data",
    "split": "train",
    "download_data": false,
    "device": "cpu",
    "backend_host": "127.0.0.1",
    "backend_port": 8062
  },
  "baseline": {
    "runs": 3.0,
    "mean_elapsed_s": 105.80756311133275,
    "stdev_elapsed_s": 5.39957453340753,
    "median_elapsed_s": 103.00756241699855,
    "mean_sps": 1.8934187319933322,
    "stdev_sps": 0.09390368282578587,
    "median_sps": 1.9416050172156634,
    "elapsed_s_per_run": [
      102.38310470900069,
      103.00756241699855,
      112.03202220799903
    ]
  },
  "coflect_minimal": {
    "runs": 3.0,
    "mean_elapsed_s": 105.41171327799991,
    "stdev_elapsed_s": 3.243188939933611,
    "median_elapsed_s": 104.14993812499961,
    "mean_sps": 1.8985025535358926,
    "stdev_sps": 0.05754159565412868,
    "median_sps": 1.9203083900055917,
    "elapsed_s_per_run": [
      102.9890427499995,
      109.0961589590006,
      104.14993812499961
    ]
  },
  "comparison": {
    "slowdown_pct_elapsed_mean": -0.37412243670740253,
    "delta_pct_sps_mean": 0.2684995905373855
  }
}